-- phpMyAdmin SQL Dump
-- version 4.9.2
-- https://www.phpmyadmin.net/
--
-- ホスト: 127.0.0.1:3306
-- 生成日時: 
-- サーバのバージョン： 10.4.10-MariaDB
-- PHP のバージョン: 7.3.12

SET SQL_MODE = "NO_AUTO_VALUE_ON_ZERO";
SET AUTOCOMMIT = 0;
START TRANSACTION;
SET time_zone = "+00:00";


/*!40101 SET @OLD_CHARACTER_SET_CLIENT=@@CHARACTER_SET_CLIENT */;
/*!40101 SET @OLD_CHARACTER_SET_RESULTS=@@CHARACTER_SET_RESULTS */;
/*!40101 SET @OLD_COLLATION_CONNECTION=@@COLLATION_CONNECTION */;
/*!40101 SET NAMES utf8mb4 */;

--
-- データベース: `db_u3services`
--

-- --------------------------------------------------------

--
-- テーブルの構造 `calendar`
--

DROP TABLE IF EXISTS `calendar`;
CREATE TABLE IF NOT EXISTS `calendar` (
  `id` int(11) NOT NULL AUTO_INCREMENT,
  `event` varchar(255) NOT NULL,
  `description` varchar(255) NOT NULL,
  `datetime` date NOT NULL,
  `section` int(11) NOT NULL,
  `starttime` datetime DEFAULT '2020-10-26 00:00:00',
  `endtime` datetime DEFAULT NULL,
  PRIMARY KEY (`id`),
  UNIQUE KEY `id` (`id`)
) ENGINE=InnoDB AUTO_INCREMENT=40 DEFAULT CHARSET=utf8;

--
-- テーブルのデータのダンプ `calendar`
--

INSERT INTO `calendar` (`id`, `event`, `description`, `datetime`, `section`, `starttime`, `endtime`) VALUES
(2, 'Radio News ', 'Here it is news ', '2016-12-18', 2, '2020-10-26 00:00:00', NULL),
(4, 'event123', 'Here is event', '2016-12-18', 4, '2020-10-26 00:00:00', NULL),
(5, 'event 123fsdf', 'sdaf asdf asdf asdfs asd', '2016-12-19', 3, '2020-10-26 00:00:00', NULL),
(26, 'event343', 'afdasdfasdf', '2016-12-20', 1, '2020-10-26 00:00:00', NULL),
(27, 'Event', 'here is message', '2016-12-22', 1, '2020-10-26 00:00:00', NULL),
(32, 'It is event', 'Here is message', '2016-12-23', 3, '2020-10-26 00:00:00', NULL),
(33, 'This is event', 'It is message', '2016-12-17', 3, '2020-10-26 00:00:00', NULL),
(34, 'New event', 'Enter Message', '2016-12-21', 4, '2020-10-26 00:00:00', NULL),
(35, 'Event on 22', 'Message on 22', '2016-12-22', 4, '2020-10-26 00:00:00', NULL),
(36, 'evesdfas', 'asdfs fasf sadf sd', '2016-12-16', 4, '2020-10-26 00:00:00', NULL),
(37, 'gdfgsdf gdg', 'sdfg dsg sdfg dsfg', '2016-12-20', 4, '2020-10-26 00:00:00', NULL),
(39, 'Event 234', 'Messagesd', '2016-12-17', 3, '2020-10-26 00:00:00', NULL);

-- --------------------------------------------------------

--
-- テーブルの構造 `ci_sessions`
--

DROP TABLE IF EXISTS `ci_sessions`;
CREATE TABLE IF NOT EXISTS `ci_sessions` (
  `id` varchar(40) NOT NULL,
  `ip_address` varchar(45) NOT NULL,
  `timestamp` int(10) UNSIGNED NOT NULL DEFAULT 0,
  `data` blob NOT NULL,
  PRIMARY KEY (`id`),
  KEY `ci_sessions_timestamp` (`timestamp`)
) ENGINE=InnoDB DEFAULT CHARSET=utf8;

--
-- テーブルのデータのダンプ `ci_sessions`
--

INSERT INTO `ci_sessions` (`id`, `ip_address`, `timestamp`, `data`) VALUES
('083e33vid03e283akpef3ekbu8', '::1', 1603868553, 0x5f5f63695f6c6173745f726567656e65726174657c693a313630333836383535323b757365725f69647c693a323b757365726e616d657c733a353a2261646d696e223b6c6f676765645f696e7c623a313b69735f636f6e6669726d65647c623a313b69735f61646d696e7c623a303b),
('0b7sp9fpncd9sk9q4ceev4vos0', '::1', 1603867849, 0x5f5f63695f6c6173745f726567656e65726174657c693a313630333836373834393b),
('0f517u5mplc80grtskcgo0bfnm', '::1', 1603777758, 0x5f5f63695f6c6173745f726567656e65726174657c693a313630333737373735383b757365725f69647c693a323b757365726e616d657c733a353a2261646d696e223b6c6f676765645f696e7c623a313b69735f636f6e6669726d65647c623a313b69735f61646d696e7c623a303b),
('0ra5s69nedff12240qvdd80n8v', '::1', 1603747644, 0x5f5f63695f6c6173745f726567656e65726174657c693a313630333734373634343b),
('0rdgg4vlktk06i8amu47lodme1', '::1', 1603746579, 0x5f5f63695f6c6173745f726567656e65726174657c693a313630333734363537393b),
('16fdariikkohlnn3330vfgojk9', '::1', 1603746660, 0x5f5f63695f6c6173745f726567656e65726174657c693a313630333734363636303b),
('16qoekt3bb1c7vs147748eijr9', '::1', 1603746594, 0x5f5f63695f6c6173745f726567656e65726174657c693a313630333734363539333b),
('1a339ua14bl1ir2bvlder1jp0u', '::1', 1603760264, 0x5f5f63695f6c6173745f726567656e65726174657c693a313630333736303236343b),
('1ban7n0e0jln341mdad7t1ov4o', '::1', 1603747273, 0x5f5f63695f6c6173745f726567656e65726174657c693a313630333734373237333b757365725f69647c693a323b757365726e616d657c733a353a2261646d696e223b6c6f676765645f696e7c623a313b69735f636f6e6669726d65647c623a313b69735f61646d696e7c623a303b),
('1gour01ep0iek04lpekrd8120r', '::1', 1603554450, 0x5f5f63695f6c6173745f726567656e65726174657c693a313630333535343435303b),
('2194o4sk795jm7cr1hm8u0embj', '::1', 1603554425, 0x5f5f63695f6c6173745f726567656e65726174657c693a313630333535343432353b),
('29ld7kiuaue7rkrau925rivni6', '::1', 1603758251, 0x5f5f63695f6c6173745f726567656e65726174657c693a313630333735383235313b),
('2h14rdglralavai811kvanetmt', '::1', 1603870458, 0x5f5f63695f6c6173745f726567656e65726174657c693a313630333837303435383b757365725f69647c693a323b757365726e616d657c733a353a2261646d696e223b6c6f676765645f696e7c623a313b69735f636f6e6669726d65647c623a313b69735f61646d696e7c623a303b),
('2nps0oqksghrcitqfqo8gq0plk', '::1', 1603761035, 0x5f5f63695f6c6173745f726567656e65726174657c693a313630333736313033353b),
('2t5qro1uhajf1rp2nidqh62qjb', '::1', 1603777626, 0x5f5f63695f6c6173745f726567656e65726174657c693a313630333737373632363b757365725f69647c693a323b757365726e616d657c733a353a2261646d696e223b6c6f676765645f696e7c623a313b69735f636f6e6669726d65647c623a313b69735f61646d696e7c623a303b),
('34226bd1bdgfljic2rl7detjg6', '::1', 1603747635, 0x5f5f63695f6c6173745f726567656e65726174657c693a313630333734373633353b),
('38omp67j054ivmuh63tspdhdi4', '::1', 1603764544, 0x5f5f63695f6c6173745f726567656e65726174657c693a313630333736343534343b757365725f69647c693a323b757365726e616d657c733a353a2261646d696e223b6c6f676765645f696e7c623a313b69735f636f6e6669726d65647c623a313b69735f61646d696e7c623a303b),
('3aevejejklmot7rk6gmj1amd5r', '::1', 1603746614, 0x5f5f63695f6c6173745f726567656e65726174657c693a313630333734363631343b),
('3anuifeme4l2qmuiuc71vadclf', '::1', 1603760654, 0x5f5f63695f6c6173745f726567656e65726174657c693a313630333736303635343b757365725f69647c693a323b757365726e616d657c733a353a2261646d696e223b6c6f676765645f696e7c623a313b69735f636f6e6669726d65647c623a313b69735f61646d696e7c623a303b),
('3i71mg7ssfbkvclbe93pfq9mja', '::1', 1603777751, 0x5f5f63695f6c6173745f726567656e65726174657c693a313630333737373735313b),
('3inq04jokb568n9kgpaug1s1st', '::1', 1603747222, 0x5f5f63695f6c6173745f726567656e65726174657c693a313630333734373232323b757365725f69647c693a323b757365726e616d657c733a353a2261646d696e223b6c6f676765645f696e7c623a313b69735f636f6e6669726d65647c623a313b69735f61646d696e7c623a303b),
('41li663ejnru545luh56av9big', '::1', 1603551477, 0x5f5f63695f6c6173745f726567656e65726174657c693a313630333535313437373b),
('48232mj0ujbqhesqg2ti1kg6qp', '::1', 1603554438, 0x5f5f63695f6c6173745f726567656e65726174657c693a313630333535343433383b757365725f69647c693a313b757365726e616d657c733a31313a22756e696d61786d61636861223b6c6f676765645f696e7c623a313b69735f636f6e6669726d65647c623a313b69735f61646d696e7c623a303b),
('4p97rlqfrcrhbcv9a0c2c2i28h', '::1', 1603760878, 0x5f5f63695f6c6173745f726567656e65726174657c693a313630333736303837383b757365725f69647c693a323b757365726e616d657c733a353a2261646d696e223b6c6f676765645f696e7c623a313b69735f636f6e6669726d65647c623a313b69735f61646d696e7c623a303b),
('4urbt38kc5tmlpf1pcf96km251', '::1', 1603747281, 0x5f5f63695f6c6173745f726567656e65726174657c693a313630333734373238313b),
('52kg5rvcgb83q9sc8mnbpsjbkp', '::1', 1603760283, 0x5f5f63695f6c6173745f726567656e65726174657c693a313630333736303238333b),
('5maaaqjrroh5gtv8jfp0funaof', '::1', 1603746437, 0x5f5f63695f6c6173745f726567656e65726174657c693a313630333734363433373b),
('5u1e7tel8gc09sbjhkl18fu1vc', '::1', 1603777871, 0x5f5f63695f6c6173745f726567656e65726174657c693a313630333737373837313b757365725f69647c693a323b757365726e616d657c733a353a2261646d696e223b6c6f676765645f696e7c623a313b69735f636f6e6669726d65647c623a313b69735f61646d696e7c623a303b),
('6cmdnfqebhp241eu3ultgjmti7', '::1', 1603762659, 0x5f5f63695f6c6173745f726567656e65726174657c693a313630333736323635393b),
('6jp50pa1f7oid5klna6qonde97', '::1', 1603554461, 0x5f5f63695f6c6173745f726567656e65726174657c693a313630333535343436313b),
('6m05k60pnl307j526o21l0b52b', '::1', 1603746674, 0x5f5f63695f6c6173745f726567656e65726174657c693a313630333734363637343b),
('6m76rtof5r9gpua3uoaku94s01', '::1', 1603865364, 0x5f5f63695f6c6173745f726567656e65726174657c693a313630333836353336343b757365725f69647c693a323b757365726e616d657c733a353a2261646d696e223b6c6f676765645f696e7c623a313b69735f636f6e6669726d65647c623a313b69735f61646d696e7c623a303b),
('744nqqr9coatb6ir0nbemte18n', '::1', 1603762755, 0x5f5f63695f6c6173745f726567656e65726174657c693a313630333736323735353b),
('7bgcjj9s5ddon3j44ae6e8sr60', '::1', 1603551660, 0x5f5f63695f6c6173745f726567656e65726174657c693a313630333535313636303b),
('7g78h0b9i9l5q2brsalojptdc7', '::1', 1603868610, 0x5f5f63695f6c6173745f726567656e65726174657c693a313630333836383631303b),
('7k1ll7p1agp85iqvrjhh0dare0', '::1', 1603748105, 0x5f5f63695f6c6173745f726567656e65726174657c693a313630333734383130353b),
('891uudi29lv7r9tok7ppb18jug', '::1', 1603554180, 0x5f5f63695f6c6173745f726567656e65726174657c693a313630333535343138303b757365725f69647c693a313b757365726e616d657c733a31313a22756e696d61786d61636861223b6c6f676765645f696e7c623a313b69735f636f6e6669726d65647c623a313b69735f61646d696e7c623a303b),
('8bt7i585ga1k012ggucgnk84nv', '::1', 1603779685, 0x5f5f63695f6c6173745f726567656e65726174657c693a313630333737393638353b757365725f69647c693a323b757365726e616d657c733a353a2261646d696e223b6c6f676765645f696e7c623a313b69735f636f6e6669726d65647c623a313b69735f61646d696e7c623a303b),
('8ie3bb4v82ia4njmt787crua9l', '::1', 1603777865, 0x5f5f63695f6c6173745f726567656e65726174657c693a313630333737373836353b),
('8m4bjhm2hi6hp8qbdviaess7br', '::1', 1603760289, 0x5f5f63695f6c6173745f726567656e65726174657c693a313630333736303238393b),
('8mkho873a874cfdkftu8k7ilv6', '::1', 1603760876, 0x5f5f63695f6c6173745f726567656e65726174657c693a313630333736303837363b757365725f69647c693a323b757365726e616d657c733a353a2261646d696e223b6c6f676765645f696e7c623a313b69735f636f6e6669726d65647c623a313b69735f61646d696e7c623a303b),
('97397df1t2arh0qots86t4kkse', '::1', 1603551645, 0x5f5f63695f6c6173745f726567656e65726174657c693a313630333535313634353b),
('982e8p9pjemfk58kcd7nm6mk8a', '::1', 1603868805, 0x5f5f63695f6c6173745f726567656e65726174657c693a313630333836383830353b757365725f69647c693a323b757365726e616d657c733a353a2261646d696e223b6c6f676765645f696e7c623a313b69735f636f6e6669726d65647c623a313b69735f61646d696e7c623a303b),
('a5i68jhec6626lteh6bc2cfq6g', '::1', 1603747297, 0x5f5f63695f6c6173745f726567656e65726174657c693a313630333734373239373b757365725f69647c693a323b757365726e616d657c733a353a2261646d696e223b6c6f676765645f696e7c623a313b69735f636f6e6669726d65647c623a313b69735f61646d696e7c623a303b),
('aal1ld22ru2l98nf5m89upjpe0', '::1', 1603762768, 0x5f5f63695f6c6173745f726567656e65726174657c693a313630333736323736383b757365725f69647c693a323b757365726e616d657c733a353a2261646d696e223b6c6f676765645f696e7c623a313b69735f636f6e6669726d65647c623a313b69735f61646d696e7c623a303b),
('afr45m04dl864p8hp0ag3mdj8n', '::1', 1603762606, 0x5f5f63695f6c6173745f726567656e65726174657c693a313630333736323630363b),
('amfheb3ri3cjkbj0rmdrad5mn3', '::1', 1603762661, 0x5f5f63695f6c6173745f726567656e65726174657c693a313630333736323636313b),
('aq933oh05j9t6vnf2uo8qj3610', '::1', 1603762695, 0x5f5f63695f6c6173745f726567656e65726174657c693a313630333736323639353b757365725f69647c693a323b757365726e616d657c733a353a2261646d696e223b6c6f676765645f696e7c623a313b69735f636f6e6669726d65647c623a313b69735f61646d696e7c623a303b),
('auc0jp5rn9ib1lahtgio9qof4h', '::1', 1603758382, 0x5f5f63695f6c6173745f726567656e65726174657c693a313630333735383338323b757365725f69647c693a323b757365726e616d657c733a353a2261646d696e223b6c6f676765645f696e7c623a313b69735f636f6e6669726d65647c623a313b69735f61646d696e7c623a303b),
('b0aiia224knlbjvparohd8t3h9', '::1', 1603760651, 0x5f5f63695f6c6173745f726567656e65726174657c693a313630333736303635313b757365725f69647c693a323b757365726e616d657c733a353a2261646d696e223b6c6f676765645f696e7c623a313b69735f636f6e6669726d65647c623a313b69735f61646d696e7c623a303b),
('be0lc6ii7q78vbenbqok1074e8', '::1', 1603747693, 0x5f5f63695f6c6173745f726567656e65726174657c693a313630333734373639333b),
('bk4hi37pu62u0ksbgjkrlfidft', '::1', 1603747494, 0x5f5f63695f6c6173745f726567656e65726174657c693a313630333734373439343b757365725f69647c693a323b757365726e616d657c733a353a2261646d696e223b6c6f676765645f696e7c623a313b69735f636f6e6669726d65647c623a313b69735f61646d696e7c623a303b),
('blpos2o86gf29dc26nnci4bnpr', '::1', 1603870487, 0x5f5f63695f6c6173745f726567656e65726174657c693a313630333837303438373b),
('c8c7n1c29jpnlnnv0n8vs9i4ka', '::1', 1603552461, 0x5f5f63695f6c6173745f726567656e65726174657c693a313630333535323436313b),
('chifd2fj9f38br15e96spnrmn7', '::1', 1603747463, 0x5f5f63695f6c6173745f726567656e65726174657c693a313630333734373436333b),
('ct83o8ilpfp5jrld5u9e7onech', '::1', 1603761042, 0x5f5f63695f6c6173745f726567656e65726174657c693a313630333736313034323b757365725f69647c693a323b757365726e616d657c733a353a2261646d696e223b6c6f676765645f696e7c623a313b69735f636f6e6669726d65647c623a313b69735f61646d696e7c623a303b),
('do8i1radnqseohleft035u2oop', '::1', 1603746568, 0x5f5f63695f6c6173745f726567656e65726174657c693a313630333734363536373b),
('e95cp4rmgh9m38lu33smr3p2mh', '::1', 1603552468, 0x5f5f63695f6c6173745f726567656e65726174657c693a313630333535323436383b),
('eb7dbg2gjf75g084frrj51lggs', '::1', 1603761109, 0x5f5f63695f6c6173745f726567656e65726174657c693a313630333736313130393b757365725f69647c693a323b757365726e616d657c733a353a2261646d696e223b6c6f676765645f696e7c623a313b69735f636f6e6669726d65647c623a313b69735f61646d696e7c623a303b),
('ee7qputmk8c5emn50bhav3odie', '::1', 1603551602, 0x5f5f63695f6c6173745f726567656e65726174657c693a313630333535313630323b),
('em46jr8llk8o22v5uirg5b2efg', '::1', 1603758356, 0x5f5f63695f6c6173745f726567656e65726174657c693a313630333735383335363b),
('epdf4bdvfcnrdv8lrmc4tra43o', '::1', 1603868568, 0x5f5f63695f6c6173745f726567656e65726174657c693a313630333836383536383b757365725f69647c693a323b757365726e616d657c733a353a2261646d696e223b6c6f676765645f696e7c623a313b69735f636f6e6669726d65647c623a313b69735f61646d696e7c623a303b),
('etkql4u0nhta1ufg6i334hrjt7', '::1', 1603748113, 0x5f5f63695f6c6173745f726567656e65726174657c693a313630333734383131333b757365725f69647c693a323b757365726e616d657c733a353a2261646d696e223b6c6f676765645f696e7c623a313b69735f636f6e6669726d65647c623a313b69735f61646d696e7c623a303b),
('f8p4309ui7je0o90rj64up9tu2', '::1', 1603777062, 0x5f5f63695f6c6173745f726567656e65726174657c693a313630333737373036323b),
('fi85ghat7gui8ae8jdavisaieh', '::1', 1603554216, 0x5f5f63695f6c6173745f726567656e65726174657c693a313630333535343231363b757365725f69647c693a313b757365726e616d657c733a31313a22756e696d61786d61636861223b6c6f676765645f696e7c623a313b69735f636f6e6669726d65647c623a313b69735f61646d696e7c623a303b),
('fkf17vtqh2o83i05r96huv8pls', '::1', 1603746511, 0x5f5f63695f6c6173745f726567656e65726174657c693a313630333734363531313b),
('fkkijgrvo5hrc4d0sm98rgdlfc', '::1', 1603748088, 0x5f5f63695f6c6173745f726567656e65726174657c693a313630333734383038383b757365725f69647c693a323b757365726e616d657c733a353a2261646d696e223b6c6f676765645f696e7c623a313b69735f636f6e6669726d65647c623a313b69735f61646d696e7c623a303b),
('fl57jgjobjhrvgl6q95qlsm379', '::1', 1603554444, 0x5f5f63695f6c6173745f726567656e65726174657c693a313630333535343434343b),
('fpfvaqvcuelkirqf9idjed7q1l', '::1', 1603779663, 0x5f5f63695f6c6173745f726567656e65726174657c693a313630333737393636333b),
('frdqujoh17jfohv1bkioaq6vcr', '::1', 1603762658, 0x5f5f63695f6c6173745f726567656e65726174657c693a313630333736323635383b),
('gpka3lrasd0v6udif3rnh3k1tk', '::1', 1603746471, 0x5f5f63695f6c6173745f726567656e65726174657c693a313630333734363437313b),
('gs9vaohnndhq8kj0mepa8kkbq2', '::1', 1603747473, 0x5f5f63695f6c6173745f726567656e65726174657c693a313630333734373437333b757365725f69647c693a323b757365726e616d657c733a353a2261646d696e223b6c6f676765645f696e7c623a313b69735f636f6e6669726d65647c623a313b69735f61646d696e7c623a303b),
('gske024f029j86u23d4prhes5t', '::1', 1603776997, 0x5f5f63695f6c6173745f726567656e65726174657c693a313630333737363939373b757365725f69647c693a323b757365726e616d657c733a353a2261646d696e223b6c6f676765645f696e7c623a313b69735f636f6e6669726d65647c623a313b69735f61646d696e7c623a303b),
('gu4for3t1nhsaoa7rqf4cv275a', '::1', 1603764548, 0x5f5f63695f6c6173745f726567656e65726174657c693a313630333736343534383b757365725f69647c693a323b757365726e616d657c733a353a2261646d696e223b6c6f676765645f696e7c623a313b69735f636f6e6669726d65647c623a313b69735f61646d696e7c623a303b),
('hi604q03vle20t5u36j9qqu2b9', '::1', 1603868617, 0x5f5f63695f6c6173745f726567656e65726174657c693a313630333836383631373b757365725f69647c693a323b757365726e616d657c733a353a2261646d696e223b6c6f676765645f696e7c623a313b69735f636f6e6669726d65647c623a313b69735f61646d696e7c623a303b),
('hkdal800qgab1htjubmjrhg8ui', '::1', 1603760744, 0x5f5f63695f6c6173745f726567656e65726174657c693a313630333736303734343b757365725f69647c693a323b757365726e616d657c733a353a2261646d696e223b6c6f676765645f696e7c623a313b69735f636f6e6669726d65647c623a313b69735f61646d696e7c623a303b),
('hqf6rpspmpc1gcmgk9bmf3gjbm', '::1', 1603747055, 0x5f5f63695f6c6173745f726567656e65726174657c693a313630333734373035353b757365725f69647c693a323b757365726e616d657c733a353a2261646d696e223b6c6f676765645f696e7c623a313b69735f636f6e6669726d65647c623a313b69735f61646d696e7c623a303b),
('i8oed1df7plc74ep2u48uavhiv', '::1', 1603762736, 0x5f5f63695f6c6173745f726567656e65726174657c693a313630333736323733363b757365725f69647c693a323b757365726e616d657c733a353a2261646d696e223b6c6f676765645f696e7c623a313b69735f636f6e6669726d65647c623a313b69735f61646d696e7c623a303b),
('ib1280c6rteu8icjr9ep1n38b2', '::1', 1603746646, 0x5f5f63695f6c6173745f726567656e65726174657c693a313630333734363634363b),
('ic2sam5smidei0caj358hhqspp', '::1', 1603870439, 0x5f5f63695f6c6173745f726567656e65726174657c693a313630333837303433393b757365725f69647c693a323b757365726e616d657c733a353a2261646d696e223b6c6f676765645f696e7c623a313b69735f636f6e6669726d65647c623a313b69735f61646d696e7c623a303b),
('isld5eis5deqfbbaaqdj06g4iv', '::1', 1603777900, 0x5f5f63695f6c6173745f726567656e65726174657c693a313630333737373930303b757365725f69647c693a323b757365726e616d657c733a353a2261646d696e223b6c6f676765645f696e7c623a313b69735f636f6e6669726d65647c623a313b69735f61646d696e7c623a303b),
('iufehmbt8a6bst55l15j9li6vk', '::1', 1603777052, 0x5f5f63695f6c6173745f726567656e65726174657c693a313630333737373035323b757365725f69647c693a323b757365726e616d657c733a353a2261646d696e223b6c6f676765645f696e7c623a313b69735f636f6e6669726d65647c623a313b69735f61646d696e7c623a303b),
('j0nvemoa15kfi3l7d9fioqmjci', '::1', 1603747048, 0x5f5f63695f6c6173745f726567656e65726174657c693a313630333734373034383b),
('k213qd2id0hdrv3jmv67e3bc3a', '::1', 1603870492, 0x5f5f63695f6c6173745f726567656e65726174657c693a313630333837303439323b757365725f69647c693a323b757365726e616d657c733a353a2261646d696e223b6c6f676765645f696e7c623a313b69735f636f6e6669726d65647c623a313b69735f61646d696e7c623a303b),
('k6grqgk833u9j8l30e1lup00nq', '::1', 1603762830, 0x5f5f63695f6c6173745f726567656e65726174657c693a313630333736323833303b757365725f69647c693a323b757365726e616d657c733a353a2261646d696e223b6c6f676765645f696e7c623a313b69735f636f6e6669726d65647c623a313b69735f61646d696e7c623a303b),
('k94g9hv3mjo1gp4keqe51jg75p', '::1', 1603747041, 0x5f5f63695f6c6173745f726567656e65726174657c693a313630333734373034313b),
('kg737cqeopcbevjshkm9mfhrkr', '::1', 1603777055, 0x5f5f63695f6c6173745f726567656e65726174657c693a313630333737373035353b),
('kp84s7vq4u3502eicvju4ia5en', '::1', 1603747690, 0x5f5f63695f6c6173745f726567656e65726174657c693a313630333734373639303b),
('kvpuc964poesqt1o20jaudq03g', '::1', 1603760844, 0x5f5f63695f6c6173745f726567656e65726174657c693a313630333736303834343b757365725f69647c693a323b757365726e616d657c733a353a2261646d696e223b6c6f676765645f696e7c623a313b69735f636f6e6669726d65647c623a313b69735f61646d696e7c623a303b),
('l6vv71bn3lrji08dp1ofm2fhh2', '::1', 1603760409, 0x5f5f63695f6c6173745f726567656e65726174657c693a313630333736303430393b),
('lbttohe0rbbardhbfeb6uk7ivv', '::1', 1603747239, 0x5f5f63695f6c6173745f726567656e65726174657c693a313630333734373233393b757365725f69647c693a323b757365726e616d657c733a353a2261646d696e223b6c6f676765645f696e7c623a313b69735f636f6e6669726d65647c623a313b69735f61646d696e7c623a303b),
('lfqeuo4bsnr4lqioes4v4hmi3o', '::1', 1603748078, 0x5f5f63695f6c6173745f726567656e65726174657c693a313630333734383037383b),
('lr1mi05m36vv1je6o68863cho5', '::1', 1603762759, 0x5f5f63695f6c6173745f726567656e65726174657c693a313630333736323735393b),
('lr8atf6utjhebr5m8nbolrd1je', '::1', 1603748098, 0x5f5f63695f6c6173745f726567656e65726174657c693a313630333734383039383b),
('lvqtr62bl7s55ljbnlerhi4nep', '::1', 1603760738, 0x5f5f63695f6c6173745f726567656e65726174657c693a313630333736303733383b),
('m5gh3dm0pr7g7u5pqv74somlnv', '::1', 1603762385, 0x5f5f63695f6c6173745f726567656e65726174657c693a313630333736323338353b),
('m8lld77to6igt28qoigc9o5t1u', '::1', 1603760416, 0x5f5f63695f6c6173745f726567656e65726174657c693a313630333736303431363b757365725f69647c693a323b757365726e616d657c733a353a2261646d696e223b6c6f676765645f696e7c623a313b69735f636f6e6669726d65647c623a313b69735f61646d696e7c623a303b),
('n3h1kh4d43nlsthcmqsvhlq5g8', '::1', 1603746526, 0x5f5f63695f6c6173745f726567656e65726174657c693a313630333734363532363b),
('n7m9q972g8bb71jg5ogii5qgln', '::1', 1603554213, 0x5f5f63695f6c6173745f726567656e65726174657c693a313630333535343231333b757365725f69647c693a313b757365726e616d657c733a31313a22756e696d61786d61636861223b6c6f676765645f696e7c623a313b69735f636f6e6669726d65647c623a313b69735f61646d696e7c623a303b),
('ne0f0rksg3hu9op4kem68fjcss', '::1', 1603762374, 0x5f5f63695f6c6173745f726567656e65726174657c693a313630333736323337343b),
('nlhbioknd00v44r8n1oe9je9os', '::1', 1603779675, 0x5f5f63695f6c6173745f726567656e65726174657c693a313630333737393637353b),
('od2960oehpvdgika7s9cgdc171', '::1', 1603777892, 0x5f5f63695f6c6173745f726567656e65726174657c693a313630333737373839323b),
('odbi01ospvun9779qgnl45m9bm', '::1', 1603747039, 0x5f5f63695f6c6173745f726567656e65726174657c693a313630333734373033393b757365725f69647c693a323b757365726e616d657c733a353a2261646d696e223b6c6f676765645f696e7c623a313b69735f636f6e6669726d65647c623a313b69735f61646d696e7c623a303b),
('oo9prrvgp86hn5je9n0904hrld', '::1', 1603777746, 0x5f5f63695f6c6173745f726567656e65726174657c693a313630333737373734363b),
('opbp62fkjprd6ofi9o953tc2hk', '::1', 1603747715, 0x5f5f63695f6c6173745f726567656e65726174657c693a313630333734373731353b),
('osltc07hepre6thip67d069q5f', '::1', 1603746374, 0x5f5f63695f6c6173745f726567656e65726174657c693a313630333734363337343b),
('pd519rqtit78ucn0n02r2ng5pg', '::1', 1603764521, 0x5f5f63695f6c6173745f726567656e65726174657c693a313630333736343532313b757365725f69647c693a323b757365726e616d657c733a353a2261646d696e223b6c6f676765645f696e7c623a313b69735f636f6e6669726d65647c623a313b69735f61646d696e7c623a303b),
('q0idngb9a5gotlrlcmkoq0l4tj', '::1', 1603746691, 0x5f5f63695f6c6173745f726567656e65726174657c693a313630333734363639313b757365725f69647c693a323b757365726e616d657c733a353a2261646d696e223b6c6f676765645f696e7c623a313b69735f636f6e6669726d65647c623a313b69735f61646d696e7c623a303b),
('qcpe8ufcr1fgqll3ofv5lsaqmg', '::1', 1603870474, 0x5f5f63695f6c6173745f726567656e65726174657c693a313630333837303437343b),
('ql8b9qg33tre9dake5ibpc5821', '::1', 1603746406, 0x5f5f63695f6c6173745f726567656e65726174657c693a313630333734363430363b),
('qum1tvie488ou9ga7bldmbnvlp', '::1', 1603747547, 0x5f5f63695f6c6173745f726567656e65726174657c693a313630333734373534373b757365725f69647c693a323b757365726e616d657c733a353a2261646d696e223b6c6f676765645f696e7c623a313b69735f636f6e6669726d65647c623a313b69735f61646d696e7c623a303b),
('r926279onjvdmf1k3oehsi7ruf', '::1', 1603777894, 0x5f5f63695f6c6173745f726567656e65726174657c693a313630333737373839343b),
('rii3l5u3eh0ljjgfg62nc20qs5', '::1', 1603760460, 0x5f5f63695f6c6173745f726567656e65726174657c693a313630333736303436303b757365725f69647c693a323b757365726e616d657c733a353a2261646d696e223b6c6f676765645f696e7c623a313b69735f636f6e6669726d65647c623a313b69735f61646d696e7c623a303b),
('rr1oup47dn7u0d3fcsjpiqlvau', '::1', 1603746421, 0x5f5f63695f6c6173745f726567656e65726174657c693a313630333734363432313b),
('sifhs79ahqipu0192mdj249pqa', '::1', 1603760655, 0x5f5f63695f6c6173745f726567656e65726174657c693a313630333736303635353b757365725f69647c693a323b757365726e616d657c733a353a2261646d696e223b6c6f676765645f696e7c623a313b69735f636f6e6669726d65647c623a313b69735f61646d696e7c623a303b),
('sjan4qj6d64befgpl7j78j4o3g', '::1', 1603758330, 0x5f5f63695f6c6173745f726567656e65726174657c693a313630333735383333303b),
('sunuorc6i0e1uji36soppr6fd5', '::1', 1603760362, 0x5f5f63695f6c6173745f726567656e65726174657c693a313630333736303336323b),
('t1c06qptpmcao6ubp2pfn7v1cp', '::1', 1603746324, 0x5f5f63695f6c6173745f726567656e65726174657c693a313630333734363332343b),
('tct9da7dl09jjh98174755b6lc', '::1', 1603746328, 0x5f5f63695f6c6173745f726567656e65726174657c693a313630333734363332383b),
('tue83l1j70l14kbdah88ajfo8m', '::1', 1603865336, 0x5f5f63695f6c6173745f726567656e65726174657c693a313630333836353333363b),
('u2pqcnitvf37bvbqkl7q3s3mcc', '::1', 1603760904, 0x5f5f63695f6c6173745f726567656e65726174657c693a313630333736303930343b757365725f69647c693a323b757365726e616d657c733a353a2261646d696e223b6c6f676765645f696e7c623a313b69735f636f6e6669726d65647c623a313b69735f61646d696e7c623a303b),
('v08hqm5ec36bt6sdv48kegs3ut', '::1', 1603746611, 0x5f5f63695f6c6173745f726567656e65726174657c693a313630333734363631303b),
('v2as3c80fuc48qa1vdckmn4mv2', '::1', 1603760832, 0x5f5f63695f6c6173745f726567656e65726174657c693a313630333736303833323b),
('v2oa9jc6qd22ljfraps0k8k6f3', '::1', 1603868562, 0x5f5f63695f6c6173745f726567656e65726174657c693a313630333836383536323b),
('v4almdtfiter06bh006dsh8ggo', '::1', 1603758365, 0x5f5f63695f6c6173745f726567656e65726174657c693a313630333735383336353b),
('v6nm450r05lnaj36364cupjg9m', '::1', 1603764486, 0x5f5f63695f6c6173745f726567656e65726174657c693a313630333736343438363b),
('vfg2seatbqfmid88bg8tn7t5rt', '::1', 1603746384, 0x5f5f63695f6c6173745f726567656e65726174657c693a313630333734363338343b),
('vqa3vlcas0g9qd0gpav1hq1m7q', '::1', 1603551772, 0x5f5f63695f6c6173745f726567656e65726174657c693a313630333535313737313b757365725f69647c693a313b757365726e616d657c733a31313a22756e696d61786d61636861223b6c6f676765645f696e7c623a313b69735f636f6e6669726d65647c623a313b69735f61646d696e7c623a303b);

-- --------------------------------------------------------

--
-- テーブルの構造 `ci_users`
--

DROP TABLE IF EXISTS `ci_users`;
CREATE TABLE IF NOT EXISTS `ci_users` (
  `id` int(11) NOT NULL AUTO_INCREMENT,
  `name` varchar(100) NOT NULL,
  `email` varchar(100) NOT NULL,
  `username` varchar(30) NOT NULL,
  `password` varchar(100) NOT NULL,
  `phone` varchar(25) DEFAULT NULL,
  `gender` varchar(10) NOT NULL,
  `address` varchar(255) DEFAULT NULL,
  `country` varchar(50) DEFAULT NULL,
  `created_at` datetime NOT NULL DEFAULT current_timestamp(),
  PRIMARY KEY (`id`)
) ENGINE=MyISAM AUTO_INCREMENT=7 DEFAULT CHARSET=utf8;

--
-- テーブルのデータのダンプ `ci_users`
--

INSERT INTO `ci_users` (`id`, `name`, `email`, `username`, `password`, `phone`, `gender`, `address`, `country`, `created_at`) VALUES
(1, 'Dumaru', 'unimaxmacha@gmail.com', 'admin', 'admin', '07076407294', '', 'Isejuku 1-7', NULL, '2020-10-29 17:47:03'),
(2, 'スンダル・マチャマシ', 'sundar.machamasi@sysystem.co.jp', 'admin', 'admin', '07076407294', '', '千葉県市川市伊勢宿1-7山辺ハイツ102', NULL, '2020-10-29 17:47:44'),
(3, 'アクルール・グルン', 'gurung.akrur@sysystem.co.jp', 'akurur', 'testpass', '074597886655', '', '千葉県船橋市原木1-7コポグチ405', NULL, '2020-10-29 17:50:24'),
(4, 'スリラム・トナバス', 'shreeram.twanabasu@sysystem.co.jp', 'shreeram.twanabasu', 'testpass', '08056986324', 'male', '千葉県市川市行徳駅前2-5', 'J', '2020-10-29 17:52:25'),
(5, 'スリラム・トナバス', 'shreeram.twanabasu@sysystem.co.jp', 'shreeram.twanabasu', 'testpass', '08056986324', 'male', '千葉県市川市行徳駅前2-5', 'J', '2020-10-29 17:53:35'),
(6, '高田・文人', 'takada.fumito@yahoo.com', 'takata.fumito', 'testpass', '08056329865', 'male', '佐賀県佐賀市欠真間11-2ハピネスハイム202', '日本', '2020-10-29 17:54:27');

-- --------------------------------------------------------

--
-- テーブルの構造 `class`
--

DROP TABLE IF EXISTS `class`;
CREATE TABLE IF NOT EXISTS `class` (
  `CNO` smallint(5) NOT NULL,
  `CNAME` varchar(45) DEFAULT NULL,
  `LOC` varchar(45) DEFAULT NULL,
  `DEPT` smallint(5) DEFAULT NULL
) ENGINE=MyISAM DEFAULT CHARSET=utf8;

--
-- テーブルのデータのダンプ `class`
--

INSERT INTO `class` (`CNO`, `CNAME`, `LOC`, `DEPT`) VALUES
(1, 'FIRST', 'SHINJUKU', 11),
(2, 'SECOND', 'SHIBUYA', 21),
(3, 'THIRD', 'SHINAGAWA', 31),
(4, 'OTHERS', 'TOKYO', 99),
(4, 'OTHERS', 'TOKYO', 99);

-- --------------------------------------------------------

--
-- テーブルの構造 `employee`
--

DROP TABLE IF EXISTS `employee`;
CREATE TABLE IF NOT EXISTS `employee` (
  `id` int(11) NOT NULL AUTO_INCREMENT,
  `first_name` varchar(100) NOT NULL,
  `last_name` varchar(100) NOT NULL,
  `email` varchar(55) NOT NULL,
  `mobile` bigint(20) DEFAULT NULL,
  PRIMARY KEY (`id`)
) ENGINE=MyISAM AUTO_INCREMENT=18 DEFAULT CHARSET=utf8;

--
-- テーブルのデータのダンプ `employee`
--

INSERT INTO `employee` (`id`, `first_name`, `last_name`, `email`, `mobile`) VALUES
(1, 'スンダル', 'マチャマシ', 'sundar.machamasi@sysystem.co.jp', NULL),
(2, 'スリラム', 'トナバス', 'shreeram.twanabasu@sysystem.co.jp', NULL),
(3, 'アクルール', 'グルン', 'gurung.akrur@sysystem.co.jp', NULL),
(8, 'Binod', 'Chaudari', 'chaudaribinod@rocketmail.com', 9803656060),
(9, 'Sundar', 'Machamasi', 'sundarmacha@live.com', 9841042363),
(10, 'Mohini', 'Chikanbanjar', 'mohini@yahoo.com', 9808653298),
(13, 'ラズ', 'パウン', 'paw.raju@ymail.com', 9841916994),
(14, 'Hari', 'Khadka', 'khadka_123@gmail.com', 9841569832),
(16, 'Rita', 'Shrestha', 'rita.shre85@yahoo.com', 9803695897),
(17, 'Ashok', 'Ghimire', 'ghimire.ashok@itonics.co.np', 9851458975);

-- --------------------------------------------------------

--
-- テーブルの構造 `items`
--

DROP TABLE IF EXISTS `items`;
CREATE TABLE IF NOT EXISTS `items` (
  `id` int(10) UNSIGNED NOT NULL AUTO_INCREMENT,
  `title` varchar(255) COLLATE utf8_unicode_ci NOT NULL,
  `description` text COLLATE utf8_unicode_ci NOT NULL,
  PRIMARY KEY (`id`)
) ENGINE=InnoDB AUTO_INCREMENT=16 DEFAULT CHARSET=utf8 COLLATE=utf8_unicode_ci;

-- --------------------------------------------------------

--
-- テーブルの構造 `news`
--

DROP TABLE IF EXISTS `news`;
CREATE TABLE IF NOT EXISTS `news` (
  `id` int(11) NOT NULL AUTO_INCREMENT,
  `title` varchar(128) NOT NULL,
  `slug` varchar(128) NOT NULL,
  `text` text NOT NULL,
  PRIMARY KEY (`id`),
  KEY `slug` (`slug`)
) ENGINE=MyISAM AUTO_INCREMENT=3 DEFAULT CHARSET=utf8;

--
-- テーブルのデータのダンプ `news`
--

INSERT INTO `news` (`id`, `title`, `slug`, `text`) VALUES
(1, 'QA1', 'QA', 'wedtrfghj'),
(2, 'エスワイシステム', 'エスワイシステム', '私はエスワイシステムの正社員です。');

-- --------------------------------------------------------

--
-- テーブルの構造 `products`
--

DROP TABLE IF EXISTS `products`;
CREATE TABLE IF NOT EXISTS `products` (
  `id` int(11) NOT NULL AUTO_INCREMENT,
  `title` varchar(255) NOT NULL,
  `description` varchar(255) NOT NULL,
  `created_at` datetime NOT NULL,
  `updated_at` datetime NOT NULL,
  PRIMARY KEY (`id`)
) ENGINE=InnoDB AUTO_INCREMENT=2 DEFAULT CHARSET=latin1;

-- --------------------------------------------------------

--
-- テーブルの構造 `section`
--

DROP TABLE IF EXISTS `section`;
CREATE TABLE IF NOT EXISTS `section` (
  `id` int(11) NOT NULL AUTO_INCREMENT,
  `section` varchar(25) NOT NULL,
  PRIMARY KEY (`id`),
  UNIQUE KEY `id` (`id`)
) ENGINE=InnoDB AUTO_INCREMENT=5 DEFAULT CHARSET=utf8;

--
-- テーブルのデータのダンプ `section`
--

INSERT INTO `section` (`id`, `section`) VALUES
(1, 'Section 1'),
(2, 'Section 2'),
(3, 'Section 3'),
(4, 'Section 4');

-- --------------------------------------------------------

--
-- テーブルの構造 `student`
--

DROP TABLE IF EXISTS `student`;
CREATE TABLE IF NOT EXISTS `student` (
  `SNO` int(11) NOT NULL AUTO_INCREMENT,
  `SNAME` varchar(45) DEFAULT NULL,
  `AREA` varchar(45) DEFAULT NULL,
  `CITY` varchar(45) DEFAULT NULL,
  `TEL` varchar(45) DEFAULT NULL,
  `BIRTH` date DEFAULT NULL,
  `SCORE` smallint(5) DEFAULT NULL,
  `BSCORE` smallint(5) DEFAULT NULL,
  `CLASS` smallint(5) DEFAULT NULL,
  `LEADER` smallint(5) DEFAULT NULL,
  `ADJUST` smallint(5) DEFAULT NULL,
  `SUBNO` smallint(5) DEFAULT NULL,
  PRIMARY KEY (`SNO`)
) ENGINE=MyISAM AUTO_INCREMENT=9 DEFAULT CHARSET=utf8;

--
-- テーブルのデータのダンプ `student`
--

INSERT INTO `student` (`SNO`, `SNAME`, `AREA`, `CITY`, `TEL`, `BIRTH`, `SCORE`, `BSCORE`, `CLASS`, `LEADER`, `ADJUST`, `SUBNO`) VALUES
(1, 'Y_YAMADA', 'TOKYO', 'SHINJUKU', '72-3123-4567', '1964-06-04', 75, 68, 99, 5, 3, 1),
(2, 'N_TANAKA', 'SAITAMA', 'SAITAMA', NULL, '1964-12-08', 60, 72, 1, NULL, 2, 1),
(3, 'I_SUZUKI', 'KANAGAWA', 'YOKOHAMA', NULL, '1964-01-04', 35, 29, 99, 5, 1, 2),
(4, 'H_SATO', 'TOKYO', 'SHINJUKU', '72-3123-5678', '1964-11-02', 49, 69, 2, 6, NULL, 1),
(5, 'N_TAKADA	', 'TOKYO', 'SHINAGAWA', '72-3234-5678', '1962-04-12', 95, 82, 99, NULL, 3, 3),
(6, 'N_SANO', 'HOKKAIDO', 'TOMAKOMAI', NULL, '1965-02-02', 78, 78, 3, NULL, 2, 1),
(7, 'D_MATSUDA', 'KANAGAWA', 'YOKOHAMA', NULL, '1972-12-05', 63, 69, 99, 5, 1, 4),
(8, 'A_SHIMADA', 'TOKYO', 'SHINJUKU', '72-3345-6789', '1963-01-25', 56, 64, 2, 6, NULL, 2);

-- --------------------------------------------------------

--
-- テーブルの構造 `users`
--

DROP TABLE IF EXISTS `users`;
CREATE TABLE IF NOT EXISTS `users` (
  `id` int(11) UNSIGNED NOT NULL AUTO_INCREMENT,
  `username` varchar(255) NOT NULL DEFAULT '',
  `email` varchar(255) NOT NULL DEFAULT '',
  `password` varchar(255) NOT NULL DEFAULT '',
  `avatar` varchar(255) DEFAULT 'default.jpg',
  `created_at` datetime NOT NULL,
  `updated_at` datetime DEFAULT NULL,
  `is_admin` tinyint(1) UNSIGNED NOT NULL DEFAULT 0,
  `is_confirmed` tinyint(1) UNSIGNED NOT NULL DEFAULT 0,
  `is_deleted` tinyint(1) UNSIGNED NOT NULL DEFAULT 0,
  PRIMARY KEY (`id`)
) ENGINE=InnoDB AUTO_INCREMENT=3 DEFAULT CHARSET=utf8;

--
-- テーブルのデータのダンプ `users`
--

INSERT INTO `users` (`id`, `username`, `email`, `password`, `avatar`, `created_at`, `updated_at`, `is_admin`, `is_confirmed`, `is_deleted`) VALUES
(1, 'unimaxmacha', 'unimaxmacha1@gmail.com', '$2y$10$2iqfxVPtb7AQm5J27D0/TeLgFQhYvGPUkydbvHKEr6Riv.A6gAvmC', 'default.jpg', '2020-10-24 17:00:45', NULL, 0, 1, 0),
(2, 'admin', 'unimaxmacha@gmail.com', '$2y$10$uKbLegFLqoxFfXUY0Wb6Oeo0Q4htffliNLNUfmowSAobrwipjWDU6', 'default.jpg', '2020-10-26 22:10:46', NULL, 0, 1, 0);
COMMIT;

/*!40101 SET CHARACTER_SET_CLIENT=@OLD_CHARACTER_SET_CLIENT */;
/*!40101 SET CHARACTER_SET_RESULTS=@OLD_CHARACTER_SET_RESULTS */;
/*!40101 SET COLLATION_CONNECTION=@OLD_COLLATION_CONNECTION */;
